<?xml version="1.0" encoding="UTF-8"?>
<project-private xmlns="http://www.netbeans.org/ns/project-private/1">
    <editor-bookmarks xmlns="http://www.netbeans.org/ns/editor-bookmarks/2" lastBookmarkId="0"/>
    <open-files xmlns="http://www.netbeans.org/ns/projectui-open-files/2">
        <group name="Evaluar">
            <file>file:/C:/Users/Aaron/OneDrive/Documents/Entregas/1_Taller_2/src/pkg1_taller_2/uib.gif</file>
            <file>file:/C:/Users/Aaron/OneDrive/Documents/Entregas/1_Taller_2/src/pkg1_taller_2/menu.java</file>
            <file>file:/C:/Users/Aaron/OneDrive/Documents/Entregas/1_Taller_2/src/pkg1_taller_2/TableroJB.java</file>
            <file>file:/C:/Users/Aaron/OneDrive/Documents/Entregas/1_Taller_2/src/pkg1_taller_2/CuadradoJB.java</file>
        </group>
        <group name="NetBeansProjects"/>
    </open-files>
</project-private>
