<?xml version="1.0" encoding="UTF-8"?>
<project-private xmlns="http://www.netbeans.org/ns/project-private/1">
    <editor-bookmarks xmlns="http://www.netbeans.org/ns/editor-bookmarks/2" lastBookmarkId="0"/>
    <open-files xmlns="http://www.netbeans.org/ns/projectui-open-files/2">
        <group>
            <file>file:/C:/Users/Aaron/OneDrive/Documents/NetBeansProjects/Practica_Final/src/practica_final/Tablero.java</file>
        </group>
        <group name="Evaluar">
            <file>file:/C:/Users/Aaron/OneDrive/Documents/NetBeansProjects/Practica_Final/src/practica_final/Cartas.java</file>
            <file>file:/C:/Users/Aaron/OneDrive/Documents/NetBeansProjects/Practica_Final/src/practica_final/Barajas.java</file>
            <file>file:/C:/Users/Aaron/OneDrive/Documents/NetBeansProjects/Practica_Final/src/practica_final/Tablero.java</file>
        </group>
        <group name="NetBeansProjects">
            <file>file:/C:/Users/Aaron/OneDrive/Documents/NetBeansProjects/Practica_Final/src/practica_final/Inicio.java</file>
            <file>file:/C:/Users/Aaron/OneDrive/Documents/NetBeansProjects/Practica_Final/src/practica_final/CuadroD.java</file>
            <file>file:/C:/Users/Aaron/OneDrive/Documents/NetBeansProjects/Practica_Final/src/practica_final/Cartas.java</file>
            <file>file:/C:/Users/Aaron/OneDrive/Documents/NetBeansProjects/Practica_Final/src/practica_final/Barajas.java</file>
            <file>file:/C:/Users/Aaron/OneDrive/Documents/NetBeansProjects/Practica_Final/src/practica_final/MazoJ.java</file>
            <file>file:/C:/Users/Aaron/OneDrive/Documents/NetBeansProjects/Practica_Final/src/practica_final/JPCentral.java</file>
            <file>file:/C:/Users/Aaron/OneDrive/Documents/NetBeansProjects/Practica_Final/src/practica_final/JPInferior.java</file>
            <file>file:/C:/Users/Aaron/OneDrive/Documents/NetBeansProjects/Practica_Final/src/practica_final/Tablero.java</file>
        </group>
    </open-files>
</project-private>
